Designator,Footprint,Quantity,Value,LCSC Part #
"C1, C2, C28, C30, C31, C38, C4, C41",0603,8,100n,
"C10, C11, C12, C13",CP_Elec_6.3x5.8,4,100u,
"C16, C18, C24, C27, C3, C40",0603,6,10u,
"C25, C26",0603,2,220p,
"C29, C32",0805,2,47u,
"C37, C39",0603,2,10n,
D1,0603,1,LED Green,
D2,0603,1,LED Red,
D4,D_SMA,1,SS54,
FB1,0603,1,FerriteBead_Small,
J1,microSD_HC_Wuerth_693072010801,1,Micro_SD_Card,
J2,IDC-Header_2x05_P2.54mm_Vertical,1,Conn_02x05_Odd_Even,
"J3, J5",729JH,2,AudioJack3_SwitchT,
J4,USB_A_TE_292303-7_Horizontal,1,USB_A,
J6,EDAC 690-019-298-412,1,690-019-298-412,
J7,BarrelJack_CLIFF_FC681465S_SMT_Horizontal,1,Barrel_Jack_Switch,
Module1,Raspberry-Pi-4-Compute-Module,1,ComputeModule4,
Q1,SOT-23,1,MMBT3904,
"R1, R13",0603,2,0,RC0603FR-075K1L
"R10, R4, R8, R9",0603,4,10k,RC0603FR-075K1L
R11,0603,1,12K 1%,
"R14, R2",0603,2,nf,RC0603FR-075K1L
R15,0603,1,100k,RC0603FR-075K1L
R16,0603,1,33k,RC0603FR-075K1L
"R3, R6",0603,2,1k,
"R5, R7",0603,2,4.99k,RC0603FR-075K1L
SW1,SW_Tactile_SPST_Angled_PTS645Vx83-2LFS,1,SW_Push,
U1,SOT-23,1,RT9742SNGV,
U10,Converter_DCDC_TRACO_TEN20-xxxx_THT,1,TEN20-2411WIN,
U4,TSSOP-24_4.4x7.8mm_P0.65mm,1,CS4270,
U5,SOT-23-6,1,TPS79301-EP,
U6,SOT-23-5,1,RT9742GGJ5,
X1,XTAL_ASFL1-8.000MHZ-EC-T,1,12.288MHz,
